{"cameraMode":{"drawMode":0,"name":"Shaded","section":"Shading Mode"},"sceneLighting":true,"audioPlay":false,"sceneViewState":{"showFog":true,"showMaterialUpdate":false,"showSkybox":true,"showFlares":true,"showImageEffects":true,"showParticleSystems":true},"in2DMode":false,"pivot":{"x":-1.1003472805023194,"y":0.7001278400421143,"z":-0.12632369995117188},"rotation":{"x":-0.21432362496852876,"y":0.329852819442749,"z":-0.07716652005910874,"w":-0.916137158870697},"size":3.079347610473633,"orthographic":false}